{"prev_nu":{"textBlocks":"","highlightedTexts":["ht-anag","ht-privacy"],"firma":"firma-commerciale","widgets":[],"fromName":"Bancomail - Sales Dept.","fromEmail":"sales@bancomail.com","cc":"","bcc":"sales@bancomail.com","subject":"Information - attn. [contatto]"},"prev_aggiornam":{"textBlocks":"","highlightedTexts":["ht-anag","ht-privacy"],"firma":"firma-commerciale","widgets":[],"fromName":"Bancomail - Ufficio Commerciale","fromEmail":"sales@bancomail.com","cc":"","bcc":"sales@bancomail.com","subject":"Informazioni alla c.a. [contatto]"},"prev_uff":{"textBlocks":"","highlightedTexts":["ht-anag","ht-privacy"],"firma":"firma-commerciale","widgets":[],"fromName":"Bancomail - Sales Dept.","fromEmail":"sales@bancomail.com","cc":"","bcc":"sales@bancomail.com","subject":"Your Bancomail Quote #[prev_id]"},"prev_uff_rate":{"textBlocks":"","highlightedTexts":["ht-anag","ht-privacy"],"firma":"firma-commerciale","widgets":[],"fromName":"Bancomail - Sales Dept.","fromEmail":"sales@bancomail.com","cc":"","bcc":"sales@bancomail.com","subject":"Your Bancomail Quote #[prev_id]"},"promoter_application_ok":{"textBlocks":"","highlightedTexts":[],"firma":"firma-marketing","widgets":[],"fromName":"Bancomail - Promoter Program","fromEmail":"marketing@bancomail.com","cc":"","bcc":"sales@bancomail.com ,marketing@bancomail.com","subject":"[contatto], activate your Bancomail Promoter Account"},"promoter_application_ko":{"textBlocks":"","highlightedTexts":[],"firma":"firma-marketing","widgets":[],"fromName":"Bancomail - Promoter Program","fromEmail":"marketing@bancomail.com","cc":"","bcc":"sales@bancomail.com,marketing@bancomail.com","subject":"attn. [contatto] - Unable to confirm Promoter Application for [titolo] "},"promoter_provvigione_new":{"textBlocks":"","highlightedTexts":[],"firma":"firma-marketing","widgets":[],"fromName":"Bancomail - Promoter Program","fromEmail":"marketing@bancomail.com","cc":"","bcc":"sales@bancomail.com,marketing@bancomail.com","subject":"[contatto] you've got a new Promoter Commission!"},"np_donazione_new":{"textBlocks":"","highlightedTexts":[],"firma":"firma-onlus","widgets":[],"fromName":"Bancomail - Non Profit Program","fromEmail":"nonprofit@bancomail.com","cc":"","bcc":"nonprofit@bancomail.com","subject":"[np_rs] you've got a new Donation!"},"affiliazione_provvigione_new":{"textBlocks":"","highlightedTexts":[],"firma":"firma-partner","widgets":[],"fromName":"Bancomail - Partner Program","fromEmail":"marketing@bancomail.com","cc":"","bcc":"sales@bancomail.com,marketing@bancomail.com","subject":"New commission Bancomail for [pz_rs]"},"ccare_prev_nu":{"textBlocks":"","highlightedTexts":[],"firma":"firma-ccare","widgets":[],"fromName":"Bancomail - Customer Care","fromEmail":"customercare@bancomail.com","cc":"","bcc":"sales@bancomail.com ,marketing@bancomail.com","subject":"Have you received your [data-nu] quote?"},"ccare_prev_uff":{"textBlocks":"","highlightedTexts":[],"firma":"firma-ccare","widgets":[],"fromName":"Bancomail - Customer Care","fromEmail":"customercare@bancomail.com","cc":"","bcc":"sales@bancomail.com ,marketing@bancomail.com","subject":"Your quote [prev_id] need customizations?"},"trasm_pack":{"textBlocks":"","highlightedTexts":["ht-template","ht-privacy","ht-gSostituzione"],"firma":"firma-database","widgets":[],"fromName":"Bancomail - Database Dept.","fromEmail":"database@bancomail.com","cc":"","bcc":"sales@bancomail.com","subject":"Bancomail Order #[id_ordine] - Download Your Database "},"reclamo_ko":{"textBlocks":"","highlightedTexts":["ht-gSostituzione"],"firma":"firma-database","widgets":[],"fromName":"Bancomail - Database Dept.","fromEmail":"database@bancomail.com","cc":"","bcc":"sales@bancomail.com","subject":"Bancomail - Unable to process order #[id_ordine] claim"},"reclamo_ok":{"textBlocks":"","highlightedTexts":[],"firma":"firma-database","widgets":[],"fromName":"Bancomail - Database Dept.","fromEmail":"database@bancomail.com","cc":"","bcc":"sales@bancomail.com","subject":"Bancomail - Claim order #[id_ordine]"},"pz_ok":{"textBlocks":"","highlightedTexts":[],"firma":"firma-partner","widgets":["widget-coupon-partnerZone"],"fromName":"Bancomail - Partner Program","fromEmail":"partner@bancomail.com","cc":"","bcc":"partner@bancomail.com","subject":"Welcome to PartnerZone"},"pz_ko":{"textBlocks":"","highlightedTexts":[],"firma":"firma-partner","widgets":[],"fromName":"Bancomail - Partner Program","fromEmail":"partner@bancomail.com","cc":"","bcc":"partner@bancomail.com","subject":"Information - attn. [contatto]"},"onlus_doc_errato":{"textBlocks":"","highlightedTexts":[],"firma":"firma-onlus","widgets":[],"fromName":"Bancomail - Non Profit Program","fromEmail":"nonprofit@bancomail.com","cc":"","bcc":"nonprofit@bancomail.com","subject":"attn. [contatto] - Review your Non Profit Application"},"onlus_ok":{"textBlocks":"","highlightedTexts":[],"firma":"firma-onlus","widgets":[],"fromName":"Bancomail - Non Profit Program","fromEmail":"nonprofit@bancomail.com","cc":"","bcc":"nonprofit@bancomail.com","subject":"attn. [contatto] - Complete your Non Profit Profile"},"onlus_ko":{"textBlocks":"","highlightedTexts":[],"firma":"firma-onlus","widgets":[],"fromName":"Bancomail - Non Profit Program","fromEmail":"nonprofit@bancomail.com","cc":"","bcc":"nonprofit@bancomail.com","subject":"attn. [contatto] - Unable to confirm Non Profit Application"},"onlus_ffr_ok":{"textBlocks":"","highlightedTexts":[],"firma":"firma-onlus","widgets":[],"fromName":"Bancomail - Non Profit Program","fromEmail":"nonprofit@bancomail.com","cc":"","bcc":"nonprofit@bancomail.com","subject":"Welcome to the Non Profit Program "},"esecuzione_rimborso":{"textBlocks":"","highlightedTexts":[],"firma":"firma-admin","widgets":[],"fromName":"Bancomail - Accounting Dept.","fromEmail":"accounting@bancomail.com","cc":"","bcc":"sales@bancomail.com","subject":"Bancomail - Refund confirm"},"esecuzione_accredito_donazione":{"textBlocks":"","highlightedTexts":[],"firma":"firma-admin","widgets":["widget-continua-nonProfit"],"fromName":"Bancomail - Accounting Dept.","fromEmail":"accounting@bancomail.com","cc":"","bcc":"sales@bancomail.com","subject":"Bancomail - Donation to [rag_soc]"},"sollecito_rata":{"textBlocks":"","highlightedTexts":[],"firma":"firma-admin","widgets":[],"fromName":"Bancomail - Accounting Dept.","fromEmail":"accounting@bancomail.com","cc":"","bcc":"sales@bancomail.com","subject":"Bancomail Order #[id_ordine] - Request for Payment"},"esito_test":{"textBlocks":"","highlightedTexts":[],"firma":"firma-database","widgets":[],"fromName":"Bancomail - Database Dept.","fromEmail":"database@bancomail.com","cc":"","bcc":"sales@bancomail.com","subject":"Bancomail - Bounce Test Results Order #[id_ordine]"},"esito_test_sost":{"textBlocks":"","highlightedTexts":[],"firma":"firma-database","widgets":[],"fromName":"Bancomail - Database Dept.","fromEmail":"database@bancomail.com","cc":"","bcc":"sales@bancomail.com","subject":"Bancomail - Bounce Test Results Order #[id_ordine]"},"scad_rata":{"textBlocks":"","highlightedTexts":[],"firma":"firma-admin","widgets":[],"fromName":"Bancomail - Accounting Dept.","fromEmail":"accounting@bancomail.com","cc":"","bcc":"sales@bancomail.com","subject":"Bancomail Order #[id_ordine] - Overdue instalment"},"credential":{"textBlocks":"","highlightedTexts":[],"firma":"firma-support","widgets":[],"fromName":"Bancomail - Support","fromEmail":"support@bancomail.com","cc":"","bcc":"sales@bancomail.com","subject":"Welcome to Bancomail"},"riepilogo_rate":{"textBlocks":"","highlightedTexts":[],"firma":"firma-admin","widgets":[],"fromName":"Bancomail - Accounting Dept.","fromEmail":"accounting@bancomail.com","cc":"","bcc":"sales@bancomail.com","subject":"Bancomail Order #[id_ordine] - Instalment Plan"},"infogenerali":{"textBlocks":"","highlightedTexts":[],"firma":"firma-commerciale","widgets":[],"fromName":"Bancomail - Sales Dept.","fromEmail":"sales@bancomail.com","cc":"","bcc":"sales@bancomail.com","subject":"Information - attn. [contatto]"},"soddisfatti_e_rimborsati":{"textBlocks":"","highlightedTexts":[],"firma":"firma-commerciale","widgets":[],"fromName":"Bancomail - Sales Dept.","fromEmail":"sales@bancomail.com","cc":"","bcc":"sales@bancomail.com","subject":"Your Coupon on Bancomail"},"coupon":{"textBlocks":"","highlightedTexts":[],"firma":"firma-commerciale","widgets":[],"fromName":"Bancomail - Sales Dept.","fromEmail":"sales@bancomail.com","cc":"","bcc":"sales@bancomail.com","subject":"Your Coupon on Bancomail"},"wsifrm":{"textBlocks":"","highlightedTexts":[],"firma":"firma-partner","widgets":[],"fromName":"Bancomail - Sales Dept.","fromEmail":"partner@bancomail.com","cc":"","bcc":"sales@bancomail.com,marketing@bancomail.com","subject":"Bancomail Web Service Activated"},"update_anagrafica_ok":{"textBlocks":"","highlightedTexts":[],"firma":"firma-standard","widgets":[],"fromName":"Bancomail - Database support","fromEmail":"database@bancomail.com","cc":"","bcc":"database@bancomail.com","subject":"We've updated your Bancomail profile"},"lower_price":{"textBlocks":"","highlightedTexts":[],"widgets":[],"firma":"firma-Blank","fromName":"Bancomail","fromEmail":"sales@bancomail.com","cc":"","bcc":"sales@bancomail.com","subject":"Your database is now [sconto]% OFF!"},"optout_biz":{"textBlocks":"","highlightedTexts":[],"widgets":[],"firma":"firma-database","fromName":"Bancomail - Database Dept.","fromEmail":"database@bancomail.com","cc":"","bcc":"sales@bancomail.com","subject":"Bancomail >> removal confirmation"},"optout_ind":{"textBlocks":"","highlightedTexts":[],"widgets":[],"firma":"firma-database","fromName":"Bancomail - Database Dept.","fromEmail":"database@bancomail.com","cc":"","bcc":"sales@bancomail.com","subject":"Bancomail >> removal confirmation"}}